listing_id,title,price,expiration_date,location,url,auction_status,category,collected_at
335742,"Žemės sklypas, 5,88 a. (0,06 ha.)",60000.0,2026-09-11 12:49,Vilniaus m. sav. Grigiškių m. Vokės Sodų g. 57,https://www.eaukcionai.lt/evs/pages/auction.do?id=336744&number=335742,Vykstančios,Land plots,2026-09-08 17:49:51
335487,"Administracinės patalpos, 649,96 kv. m",865000.0,2026-09-15 13:59,Vilniaus m. sav. Vilniaus m. Žirmūnų g. 70,https://www.eaukcionai.lt/evs/pages/auction.do?id=336636&number=335487,Paskelbtas,Land plots,2026-09-08 17:49:52
336194,"Žemės sklypas, 476 a. (4,76 ha.) Vilniaus r. sav. Liubavo k.",94400.0,2026-09-18 10:50,Vilniaus r. sav. Liubavo k.,https://www.eaukcionai.lt/evs/pages/auction.do?id=337052&number=336194,Vykstančios,Land plots,2026-09-08 17:49:53
336187,"Žemės sklypas, 26,71 a. (0,27 ha.) Vilniaus r. sav. Anavilio k.",80.0,2026-09-18 13:59,Vilniaus r. sav. Anavilio k.,https://www.eaukcionai.lt/evs/pages/auction.do?id=337046&number=336187,Paskelbtas,Land plots,2026-09-08 17:49:53
335468,"Administracinis pastatas, 1194,86 kv. m",2250440.0,2026-09-22 13:59,Vilniaus m. sav. Vilniaus m. Buivydiškių g. 20,https://www.eaukcionai.lt/evs/pages/auction.do?id=336620&number=335468,Paskelbtas,Land plots,2026-09-08 17:49:54
336415,"Žemės sklypas, 108 a. (1,08 ha.) Molėtų r. sav. Užtilčių k. Gėluoto g. 1",12000.0,2026-09-23 10:52,Molėtų r. sav. Užtilčių k. Gėluoto g. 1,https://www.eaukcionai.lt/evs/pages/auction.do?id=337264&number=336415,Vykstančios,Land plots,2026-09-08 17:49:54
336402,"Žemės sklypas, 130 a. (1,3 ha.) Vilniaus r. sav. Voskonių k.",2208.0,2026-09-23 13:07,Vilniaus r. sav. Voskonių k.,https://www.eaukcionai.lt/evs/pages/auction.do?id=337251&number=336402,Vykstančios,Land plots,2026-09-08 17:49:54
336403,"Žemės sklypas, 100 a. (1 ha.) Vilniaus r. sav. Voskonių k.",1680.0,2026-09-23 13:07,Vilniaus r. sav. Voskonių k.,https://www.eaukcionai.lt/evs/pages/auction.do?id=337252&number=336403,Vykstančios,Land plots,2026-09-08 17:49:54
336426,"Žemės sklypas, 43,95 a. (0,44 ha.) Molėtų r. sav. Molėtų m. Liepų g. 27",,2026-09-23 13:59,Molėtų r. sav. Molėtų m. Liepų g. 27,https://www.eaukcionai.lt/evs/pages/auction.do?id=337037&number=336426,Paskelbtas,Land plots,2026-09-08 17:49:54
336450,"Žemės sklypas 5/82 dalis, 71,05 a. (0,71 ha.)",927.0,2026-09-24 11:21,Vilniaus m. sav. Vilniaus m.,https://www.eaukcionai.lt/evs/pages/auction.do?id=337293&number=336450,Vykstančios,Land plots,2026-09-08 17:49:55
336451,"Žemės sklypas, 135,5 a. (1,36 ha.) Vilniaus r. sav. Dūkštelių k.",6960.0,2026-09-24 11:23,Vilniaus r. sav. Dūkštelių k.,https://www.eaukcionai.lt/evs/pages/auction.do?id=337294&number=336451,Vykstančios,Land plots,2026-09-08 17:49:55
336456,"Žemės sklypas 1/3 dalis, 6 a. (0,06 ha.) Vilniaus r. sav. Akmeniškių k. Audros 1-oji g. 193",1840.0,2026-09-24 11:59,Vilniaus r. sav. Akmeniškių k. Audros 1-oji g. 193,https://www.eaukcionai.lt/evs/pages/auction.do?id=337299&number=336456,Vykstančios,Land plots,2026-09-08 17:49:55
336709,"Žemės sklypas, 3,47 a. (0,03 ha.) Vilniaus r. sav. Mickūnų mstl.",420.0,2026-09-28 12:06,Vilniaus r. sav. Mickūnų mstl.,https://www.eaukcionai.lt/evs/pages/auction.do?id=337470&number=336709,Vykstančios,Land plots,2026-09-08 17:49:56
336710,"Žemės sklypas 1/2 dalis, 4,58 a. (0,05 ha.) Vilniaus r. sav. Mickūnų mstl.",270.0,2026-09-28 12:06,Vilniaus r. sav. Mickūnų mstl.,https://www.eaukcionai.lt/evs/pages/auction.do?id=337471&number=336710,Vykstančios,Land plots,2026-09-08 17:49:56
336711,"Žemės sklypas 1/10 dalis, 13,53 a. (0,14 ha.) Vilniaus r. sav. Mažeikių k.",180.0,2026-09-28 12:06,Vilniaus r. sav. Mažeikių k.,https://www.eaukcionai.lt/evs/pages/auction.do?id=337472&number=336711,Vykstančios,Land plots,2026-09-08 17:49:56
336712,"Žemės sklypas 1/13 dalis, 5,85 a. (0,06 ha.) Vilniaus r. sav. Mažeikių k.",60.0,2026-09-28 12:06,Vilniaus r. sav. Mažeikių k.,https://www.eaukcionai.lt/evs/pages/auction.do?id=337473&number=336712,Vykstančios,Land plots,2026-09-08 17:49:56
336713,"Žemės sklypas, 25 a. (0,25 ha.)",185400.0,2026-09-28 12:06,Vilniaus r. sav. Mickūnų mstl. Gaidūnų g. 24,https://www.eaukcionai.lt/evs/pages/auction.do?id=337474&number=336713,Vykstančios,Land plots,2026-09-08 17:49:56
336577,"Žemės sklypas, 487,5 a. (4,88 ha.) Molėtų r. sav. Kerulių k.",333.0,2026-09-28 13:59,Molėtų r. sav. Kerulių k.,https://www.eaukcionai.lt/evs/pages/auction.do?id=337380&number=336577,Paskelbtas,Land plots,2026-09-08 17:49:56
336578,"Žemės sklypas, 415,23 a. (4,15 ha.) Molėtų r. sav. Raubiškių k.",142.0,2026-09-28 13:59,Molėtų r. sav. Raubiškių k.,https://www.eaukcionai.lt/evs/pages/auction.do?id=337381&number=336578,Paskelbtas,Land plots,2026-09-08 17:49:56
336580,"Žemės sklypas, 1327,75 a. (13,28 ha.) Molėtų r. sav. Jukniškių k.",489.0,2026-09-28 13:59,Molėtų r. sav. Jukniškių k.,https://www.eaukcionai.lt/evs/pages/auction.do?id=337384&number=336580,Paskelbtas,Land plots,2026-09-08 17:49:56
336581,"Žemės sklypas, 727,93 a. (7,28 ha.) Molėtų r. sav. Pašulniškių k.",291.0,2026-09-28 13:59,Molėtų r. sav. Pašulniškių k.,https://www.eaukcionai.lt/evs/pages/auction.do?id=337385&number=336581,Paskelbtas,Land plots,2026-09-08 17:49:56
336582,"Žemės sklypas, 116 a. (1,16 ha.) Molėtų r. sav. Mažulių k.",52.0,2026-09-28 13:59,Molėtų r. sav. Mažulių k.,https://www.eaukcionai.lt/evs/pages/auction.do?id=337386&number=336582,Paskelbtas,Land plots,2026-09-08 17:49:56
336584,"Žemės sklypas, 101,73 a. (1,02 ha.) Molėtų r. sav. Baskų k.",41.0,2026-09-28 13:59,Molėtų r. sav. Baskų k.,https://www.eaukcionai.lt/evs/pages/auction.do?id=337388&number=336584,Paskelbtas,Land plots,2026-09-08 17:49:56
336585,"Žemės sklypas, 276,15 a. (2,76 ha.) Molėtų r. sav. Videniškių k.",95.0,2026-09-28 13:59,Molėtų r. sav. Videniškių k.,https://www.eaukcionai.lt/evs/pages/auction.do?id=337389&number=336585,Paskelbtas,Land plots,2026-09-08 17:49:56
336586,"Žemės sklypas, 1201,11 a. (12,01 ha.) Molėtų r. sav. Maldžiūnų k.",276.0,2026-09-28 13:59,Molėtų r. sav. Maldžiūnų k.,https://www.eaukcionai.lt/evs/pages/auction.do?id=337390&number=336586,Paskelbtas,Land plots,2026-09-08 17:49:56
336587,"Žemės sklypas, 73 a. (0,73 ha.) Molėtų r. sav. Šakališkių k.",31.0,2026-09-28 13:59,Molėtų r. sav. Šakališkių k.,https://www.eaukcionai.lt/evs/pages/auction.do?id=337391&number=336587,Paskelbtas,Land plots,2026-09-08 17:49:56
336588,"Žemės sklypas, 43 a. (0,43 ha.) Molėtų r. sav. Šakališkių k.",19.0,2026-09-28 13:59,Molėtų r. sav. Šakališkių k.,https://www.eaukcionai.lt/evs/pages/auction.do?id=337392&number=336588,Paskelbtas,Land plots,2026-09-08 17:49:56
336657,"Žemės sklypas, 199,04 a. (1,99 ha.) Molėtų r. sav. Pušalotų k.",76.0,2026-09-29 13:59,Molėtų r. sav. Pušalotų k.,https://www.eaukcionai.lt/evs/pages/auction.do?id=337422&number=336657,Paskelbtas,Land plots,2026-09-08 17:49:56
336656,"Žemės sklypas, 287,33 a. (2,87 ha.) Molėtų r. sav. Antapusnės k.",106.0,2026-09-29 13:59,Molėtų r. sav. Antapusnės k.,https://www.eaukcionai.lt/evs/pages/auction.do?id=337423&number=336656,Paskelbtas,Land plots,2026-09-08 17:49:56
336653,"Žemės sklypas, 92 a. (0,92 ha.) Molėtų r. sav. Mikalojiškio k.",44.0,2026-09-29 13:59,Molėtų r. sav. Mikalojiškio k.,https://www.eaukcionai.lt/evs/pages/auction.do?id=337426&number=336653,Paskelbtas,Land plots,2026-09-08 17:49:57
336880,"Administracinės patalpos su laboratorija, 3193,72 kv. m Vilniaus m. sav. Vilniaus m. Granito g. 3-101",1669400.0,2026-09-29 13:59,Vilniaus m. sav. Vilniaus m. Granito g. 3-101,https://www.eaukcionai.lt/evs/pages/auction.do?id=337451&number=336880,Paskelbtas,Land plots,2026-09-08 17:49:57
336732,"Žemės sklypas 1/15 dalis, 4,8 a. (0,05 ha.)",6520.0,2026-09-30 09:00,Vilniaus r. sav. Pikeliškių k.,https://www.eaukcionai.lt/evs/pages/auction.do?id=337488&number=336732,Vykstančios,Land plots,2026-09-08 17:49:57
336848,"Žemės sklypas 1/2 dalis, 6 a. (0,06 ha.)",14000.0,2026-10-01 10:00,Vilniaus r. sav. Akmeniškių k. Pepinų g. 15,https://www.eaukcionai.lt/evs/pages/auction.do?id=337567&number=336848,Vykstančios,Land plots,2026-09-08 17:49:57
336887,"Žemės sklypas 1/3 dalis, 101 a. (1,01 ha.) Vilniaus r. sav. Augustų k.",4936.0,2026-10-02 13:04,Vilniaus r. sav. Augustų k.,https://www.eaukcionai.lt/evs/pages/auction.do?id=337605&number=336887,Vykstančios,Land plots,2026-09-08 17:49:58
336967,"Žemės sklypas 1/5 dalis, 16 a. (0,16 ha.) Vilniaus r. sav. Kalesninkų k. Gabrielio Jano Mincevičiaus g. 76",1272.0,2026-10-05 11:17,Vilniaus r. sav. Kalesninkų k. Gabrielio Jano Mincevičiaus g. 76,https://www.eaukcionai.lt/evs/pages/auction.do?id=337675&number=336967,Vykstančios,Land plots,2026-09-08 17:49:58
336969,"Žemės sklypas 1/5 dalis, 65 a. (0,65 ha.) Vilniaus r. sav. Kalesninkų k.",499.0,2026-10-05 11:19,Vilniaus r. sav. Kalesninkų k.,https://www.eaukcionai.lt/evs/pages/auction.do?id=337677&number=336969,Vykstančios,Land plots,2026-09-08 17:49:58
336970,"Žemės sklypas 1/5 dalis, 177 a. (1,77 ha.) Vilniaus r. sav. Kalesninkų k.",1216.0,2026-10-05 11:19,Vilniaus r. sav. Kalesninkų k.,https://www.eaukcionai.lt/evs/pages/auction.do?id=337678&number=336970,Vykstančios,Land plots,2026-09-08 17:49:58
337179,"Garažas (boksas) 1/2 dalis, 35,4 kv. m Vilniaus m. sav. Vilniaus m. Stalių g. 2-76",15600.0,2026-10-08 09:08,Vilniaus m. sav. Vilniaus m. Stalių g. 2-76,https://www.eaukcionai.lt/evs/pages/auction.do?id=337876&number=337179,Vykstančios,Land plots,2026-09-08 17:49:59
337264,"Žemės sklypas 1/3 dalis, 625 a. (6,25 ha.) Molėtų r. sav. Kazimieravos k.",7200.0,2026-10-08 11:59,Molėtų r. sav. Kazimieravos k.,https://www.eaukcionai.lt/evs/pages/auction.do?id=337939&number=337264,Vykstančios,Land plots,2026-09-08 17:49:59
337265,"Žemės sklypas 1/3 dalis, 403 a. (4,03 ha.) Molėtų r. sav. Kazimieravos k.",4600.0,2026-10-08 11:59,Molėtų r. sav. Kazimieravos k.,https://www.eaukcionai.lt/evs/pages/auction.do?id=337940&number=337265,Vykstančios,Land plots,2026-09-08 17:49:59
337266,"Žemės sklypas 1/3 dalis, 232 a. (2,32 ha.) Molėtų r. sav. Kazimieravos k.",3800.0,2026-10-08 12:00,Molėtų r. sav. Kazimieravos k.,https://www.eaukcionai.lt/evs/pages/auction.do?id=337941&number=337266,Vykstančios,Land plots,2026-09-08 17:49:59
337267,"Žemės sklypas 24/119 dalis, 119 a. (1,19 ha.) Molėtų r. sav. Kazimieravos k.",726.0,2026-10-08 12:00,Molėtų r. sav. Kazimieravos k.,https://www.eaukcionai.lt/evs/pages/auction.do?id=337942&number=337267,Vykstančios,Land plots,2026-09-08 17:49:59
335836,"Gyvenamoji patalpa 1/2 dalis 2 kamb., 38,37 kv. m Vilniaus r. sav. Anavilio k. Bitininkų g. 2-4",5640.0,2026-09-14 09:55,Vilniaus r. sav. Anavilio k. Bitininkų g. 2-4,https://www.eaukcionai.lt/evs/pages/auction.do?id=336817&number=335836,Vykstančios,Buildings,2026-09-08 17:50:02
335369,"Sandėlis, 199,41 kv. m Vilniaus r. sav. Miškonių k. Miškonių g. 13",58800.0,2026-09-15 13:59,Vilniaus r. sav. Miškonių k. Miškonių g. 13,https://www.eaukcionai.lt/evs/pages/auction.do?id=336543&number=335369,Paskelbtas,Buildings,2026-09-08 17:50:02
336894,"Dirbtuvės, 90,68 kv. m Vilniaus m. sav. Vilniaus m. Filaretų g. 17",,2026-09-25 13:59,Vilniaus m. sav. Vilniaus m. Filaretų g. 17,https://www.eaukcionai.lt/evs/pages/auction.do?id=337611&number=336894,Paskelbtas,Buildings,2026-09-08 17:50:04
336897,"Garažas, 13,48 kv. m Vilniaus m. sav. Vilniaus m. Filaretų g. 17",,2026-09-25 13:59,Vilniaus m. sav. Vilniaus m. Filaretų g. 17,https://www.eaukcionai.lt/evs/pages/auction.do?id=337613&number=336897,Paskelbtas,Buildings,2026-09-08 17:50:04
336899,"Sandėlis, 66,18 kv. m Vilniaus m. sav. Vilniaus m. Filaretų g. 17",,2026-09-25 13:59,Vilniaus m. sav. Vilniaus m. Filaretų g. 17,https://www.eaukcionai.lt/evs/pages/auction.do?id=337614&number=336899,Paskelbtas,Buildings,2026-09-08 17:50:04
337086,"Institutas 71340/894695 dalis, 8946,95 kv. m Vilniaus m. sav. Vilniaus m. Lukiškių g. 9",,2026-10-07 13:59,Vilniaus m. sav. Vilniaus m. Lukiškių g. 9,https://www.eaukcionai.lt/evs/pages/auction.do?id=337731&number=337086,Paskelbtas,Buildings,2026-09-08 17:50:05
337091,"Institutas 70499/894695 dalis, 8946,95 kv. m Vilniaus m. sav. Vilniaus m. Lukiškių g. 9",,2026-10-07 13:59,Vilniaus m. sav. Vilniaus m. Lukiškių g. 9,https://www.eaukcionai.lt/evs/pages/auction.do?id=337733&number=337091,Paskelbtas,Buildings,2026-09-08 17:50:05
337260,"Skydinė, 33,54 kv. m",479682.0,2026-10-14 13:59,Vilniaus r. sav. Skersabalių k. Skersabalių g. 19,https://www.eaukcionai.lt/evs/pages/auction.do?id=337935&number=337260,Paskelbtas,Buildings,2026-09-08 17:50:05
335910,"Butas 1 kamb., 25,9 kv. m Vilniaus m. sav. Vilniaus m. Lenkų g. 3B-15",22680.0,2026-09-10 13:59,Vilniaus m. sav. Vilniaus m. Lenkų g. 3B-15,https://www.eaukcionai.lt/evs/pages/auction.do?id=336851&number=335910,Paskelbtas,Apartments,2026-09-08 17:50:06
334427,"Butas 2 kamb., 39,89 kv. m Vilniaus r. sav. Nemenčinės m. A. Mickevičiaus g. 9-1",35500.0,2026-09-15 13:59,Vilniaus r. sav. Nemenčinės m. A. Mickevičiaus g. 9-1,https://www.eaukcionai.lt/evs/pages/auction.do?id=335809&number=334427,Paskelbtas,Apartments,2026-09-08 17:50:06
334425,"Butas 1 kamb., 31,57 kv. m Vilniaus r. sav. Bikiškės k. 1-4",900.0,2026-09-15 13:59,Vilniaus r. sav. Bikiškės k. 1-4,https://www.eaukcionai.lt/evs/pages/auction.do?id=335811&number=334425,Paskelbtas,Apartments,2026-09-08 17:50:06
334423,"Butas 1 kamb., 15,24 kv. m Vilniaus r. sav. Maišiagalos mstl. Studentų g. 11-45",5400.0,2026-09-15 13:59,Vilniaus r. sav. Maišiagalos mstl. Studentų g. 11-45,https://www.eaukcionai.lt/evs/pages/auction.do?id=335812&number=334423,Paskelbtas,Apartments,2026-09-08 17:50:06
334645,"Administracinės patalpos, 117,86 kv. m Vilniaus m. sav. Vilniaus m. Piliakalnio g. 6-1",103000.0,2026-09-15 13:59,Vilniaus m. sav. Vilniaus m. Piliakalnio g. 6-1,https://www.eaukcionai.lt/evs/pages/auction.do?id=336008&number=334645,Paskelbtas,Apartments,2026-09-08 17:50:07
336185,"Butas 3 kamb., 50,33 kv. m Vilniaus m. sav. Vilniaus m. Jono Kairiūkščio g. 5-15",108000.0,2026-09-15 13:59,Vilniaus m. sav. Vilniaus m. Jono Kairiūkščio g. 5-15,https://www.eaukcionai.lt/evs/pages/auction.do?id=337045&number=336185,Paskelbtas,Apartments,2026-09-08 17:50:07
336453,"Butas 1/2 dalis 2 kamb., 50,18 kv. m Vilniaus m. sav. Vilniaus m. Gelvonų g. 21-19",52160.0,2026-09-24 12:01,Vilniaus m. sav. Vilniaus m. Gelvonų g. 21-19,https://www.eaukcionai.lt/evs/pages/auction.do?id=337296&number=336453,Vykstančios,Apartments,2026-09-08 17:50:07
336435,"Kambarys 1/2 dalis 1 kamb., 15,81 kv. m Vilniaus m. sav. Vilniaus m. V. Grybo g. 33-130A",12000.0,2026-09-24 12:57,Vilniaus m. sav. Vilniaus m. V. Grybo g. 33-130A,https://www.eaukcionai.lt/evs/pages/auction.do?id=337282&number=336435,Vykstančios,Apartments,2026-09-08 17:50:07
337063,"Butas 2 kamb., 58,34 kv. m Vilniaus m. sav. Vilniaus m. Šeškinės g. 61-89",110700.0,2026-09-24 13:59,Vilniaus m. sav. Vilniaus m. Šeškinės g. 61-89,https://www.eaukcionai.lt/evs/pages/auction.do?id=337711&number=337063,Paskelbtas,Apartments,2026-09-08 17:50:07
336510,"Paštas, 279,04 kv. m Vilniaus m. sav. Vilniaus m. Architektų g. 19",299991.0,2026-09-25 13:59,Vilniaus m. sav. Vilniaus m. Architektų g. 19,https://www.eaukcionai.lt/evs/pages/auction.do?id=337336&number=336510,Paskelbtas,Apartments,2026-09-08 17:50:07
336519,"Paštas 0 kamb., 94,62 kv. m Vilniaus m. sav. Vilniaus m. Kalvarijų g. 121-10",217499.0,2026-09-25 13:59,Vilniaus m. sav. Vilniaus m. Kalvarijų g. 121-10,https://www.eaukcionai.lt/evs/pages/auction.do?id=337340&number=336519,Paskelbtas,Apartments,2026-09-08 17:50:07
335286,"Butas 2 kamb., 34,04 kv. m Vilniaus m. sav. Vilniaus m. A. Paškevič-Ciotkos g. 1-4",24146.0,2026-09-29 13:59,Vilniaus m. sav. Vilniaus m. A. Paškevič-Ciotkos g. 1-4,https://www.eaukcionai.lt/evs/pages/auction.do?id=336498&number=335286,Paskelbtas,Apartments,2026-09-08 17:50:08
335289,"Butas 1 kamb., 24,61 kv. m Vilniaus m. sav. Vilniaus m. Alšėnų g. 8-8",16913.0,2026-09-29 13:59,Vilniaus m. sav. Vilniaus m. Alšėnų g. 8-8,https://www.eaukcionai.lt/evs/pages/auction.do?id=336500&number=335289,Paskelbtas,Apartments,2026-09-08 17:50:08
335291,"Butas 1 kamb., 18,89 kv. m Vilniaus m. sav. Vilniaus m. Didlaukio g. 80-86",41391.0,2026-09-29 13:59,Vilniaus m. sav. Vilniaus m. Didlaukio g. 80-86,https://www.eaukcionai.lt/evs/pages/auction.do?id=336501&number=335291,Paskelbtas,Apartments,2026-09-08 17:50:08
335293,"Butas 3 kamb., 36,53 kv. m Vilniaus m. sav. Vilniaus m. Draugystės g. 28-2",18144.0,2026-09-29 13:59,Vilniaus m. sav. Vilniaus m. Draugystės g. 28-2,https://www.eaukcionai.lt/evs/pages/auction.do?id=336502&number=335293,Paskelbtas,Apartments,2026-09-08 17:50:08
335301,"Negyvenamos patalpos, 19,48 kv. m Vilniaus m. sav. Vilniaus m. Gerovės g. 29-13",31590.0,2026-09-29 13:59,Vilniaus m. sav. Vilniaus m. Gerovės g. 29-13,https://www.eaukcionai.lt/evs/pages/auction.do?id=336504&number=335301,Paskelbtas,Apartments,2026-09-08 17:50:08
335303,"Neįrengta pastogė 2426/10000 dalis, 63,06 kv. m Vilniaus m. sav. Vilniaus m. Išganytojo g. 2",9040.0,2026-09-29 13:59,Vilniaus m. sav. Vilniaus m. Išganytojo g. 2,https://www.eaukcionai.lt/evs/pages/auction.do?id=336505&number=335303,Paskelbtas,Apartments,2026-09-08 17:50:08
335305,"Butas 1 kamb., 19,95 kv. m Vilniaus m. sav. Vilniaus m. Kalvarijų g. 194-11B",46170.0,2026-09-29 13:59,Vilniaus m. sav. Vilniaus m. Kalvarijų g. 194-11B,https://www.eaukcionai.lt/evs/pages/auction.do?id=336506&number=335305,Paskelbtas,Apartments,2026-09-08 17:50:08
335307,"Kambarys 1 kamb., 18,62 kv. m Vilniaus m. sav. Vilniaus m. Kalvarijų g. 198-40",39455.0,2026-09-29 13:59,Vilniaus m. sav. Vilniaus m. Kalvarijų g. 198-40,https://www.eaukcionai.lt/evs/pages/auction.do?id=336507&number=335307,Paskelbtas,Apartments,2026-09-08 17:50:08
335309,"Butas 2 kamb., 36,9 kv. m Vilniaus m. sav. Vilniaus m. Kalvarijų g. 43-11",39804.0,2026-09-29 13:59,Vilniaus m. sav. Vilniaus m. Kalvarijų g. 43-11,https://www.eaukcionai.lt/evs/pages/auction.do?id=336508&number=335309,Paskelbtas,Apartments,2026-09-08 17:50:08
335311,"Neįrengta pastogė 3679/22709 dalis, 227,09 kv. m Vilniaus m. sav. Vilniaus m. Kapsų g. 8",5341.0,2026-09-29 13:59,Vilniaus m. sav. Vilniaus m. Kapsų g. 8,https://www.eaukcionai.lt/evs/pages/auction.do?id=336509&number=335311,Paskelbtas,Apartments,2026-09-08 17:50:08
335313,"Sandėlis 0 kamb., 10,35 kv. m Vilniaus m. sav. Vilniaus m. Kenos g. 10-12",10488.0,2026-09-29 13:59,Vilniaus m. sav. Vilniaus m. Kenos g. 10-12,https://www.eaukcionai.lt/evs/pages/auction.do?id=336510&number=335313,Paskelbtas,Apartments,2026-09-08 17:50:08
335315,"Sandėlis 0 kamb., 9,58 kv. m Vilniaus m. sav. Vilniaus m. Kenos g. 10-13",9701.0,2026-09-29 13:59,Vilniaus m. sav. Vilniaus m. Kenos g. 10-13,https://www.eaukcionai.lt/evs/pages/auction.do?id=336511&number=335315,Paskelbtas,Apartments,2026-09-08 17:50:08
335318,"Butas 1 kamb., 52,32 kv. m Vilniaus m. sav. Vilniaus m. Konduktorių g. 18-2",40257.0,2026-09-29 13:59,Vilniaus m. sav. Vilniaus m. Konduktorių g. 18-2,https://www.eaukcionai.lt/evs/pages/auction.do?id=336512&number=335318,Paskelbtas,Apartments,2026-09-08 17:50:08
335320,"Neįrengta pastogė 372/1000 dalis, 56,34 kv. m Vilniaus m. sav. Vilniaus m. Lenkų g. 24",2341.0,2026-09-29 13:59,Vilniaus m. sav. Vilniaus m. Lenkų g. 24,https://www.eaukcionai.lt/evs/pages/auction.do?id=336514&number=335320,Paskelbtas,Apartments,2026-09-08 17:50:08
335322,"Butas 2 kamb., 40,45 kv. m Vilniaus m. sav. Vilniaus m. Liepkalnio g. 43-4",28350.0,2026-09-29 13:59,Vilniaus m. sav. Vilniaus m. Liepkalnio g. 43-4,https://www.eaukcionai.lt/evs/pages/auction.do?id=336515&number=335322,Paskelbtas,Apartments,2026-09-08 17:50:08
335325,"Butas 1 kamb., 17,04 kv. m Vilniaus m. sav. Vilniaus m. Mūrinės Vokės g. 7-5",10449.0,2026-09-29 13:59,Vilniaus m. sav. Vilniaus m. Mūrinės Vokės g. 7-5,https://www.eaukcionai.lt/evs/pages/auction.do?id=336516&number=335325,Paskelbtas,Apartments,2026-09-08 17:50:08
335327,"Neįrengta palėpė 141/1000 dalis, 109,98 kv. m Vilniaus m. sav. Vilniaus m. Naujininkų g. 7",2673.0,2026-09-29 13:59,Vilniaus m. sav. Vilniaus m. Naujininkų g. 7,https://www.eaukcionai.lt/evs/pages/auction.do?id=336518&number=335327,Paskelbtas,Apartments,2026-09-08 17:50:08
335329,"Neįrengta pastogė 639/10000 dalis, 223,24 kv. m Vilniaus m. sav. Vilniaus m. Povilo Plechavičiaus g. 7",660.0,2026-09-29 13:59,Vilniaus m. sav. Vilniaus m. Povilo Plechavičiaus g. 7,https://www.eaukcionai.lt/evs/pages/auction.do?id=336519&number=335329,Paskelbtas,Apartments,2026-09-08 17:50:08
335332,"Neįrengta pastogė 1373/16347 dalis, 163,47 kv. m Vilniaus m. sav. Vilniaus m. Pylimo g. 31A",4437.0,2026-09-29 13:59,Vilniaus m. sav. Vilniaus m. Pylimo g. 31A,https://www.eaukcionai.lt/evs/pages/auction.do?id=336521&number=335332,Paskelbtas,Apartments,2026-09-08 17:50:08
335335,"Neįrengta pastogė 163/1000 dalis, 46,02 kv. m Vilniaus m. sav. Vilniaus m. Pylimo g. 38-45",1434.0,2026-09-29 13:59,Vilniaus m. sav. Vilniaus m. Pylimo g. 38-45,https://www.eaukcionai.lt/evs/pages/auction.do?id=336523&number=335335,Paskelbtas,Apartments,2026-09-08 17:50:08
335338,"Butas 2 kamb., 38,6 kv. m Vilniaus m. sav. Vilniaus m. Radviliškio g. 14-3",27859.0,2026-09-29 13:59,Vilniaus m. sav. Vilniaus m. Radviliškio g. 14-3,https://www.eaukcionai.lt/evs/pages/auction.do?id=336525&number=335338,Paskelbtas,Apartments,2026-09-08 17:50:08
335341,"Butas 2 kamb., 40,12 kv. m Vilniaus m. sav. Vilniaus m. Rudaminos g. 4-9",34498.0,2026-09-29 13:59,Vilniaus m. sav. Vilniaus m. Rudaminos g. 4-9,https://www.eaukcionai.lt/evs/pages/auction.do?id=336526&number=335341,Paskelbtas,Apartments,2026-09-08 17:50:08
335343,"Neįrengta pastogė 2396/37543 dalis, 375,43 kv. m Vilniaus m. sav. Vilniaus m. Smėlio g. 23",5651.0,2026-09-29 13:59,Vilniaus m. sav. Vilniaus m. Smėlio g. 23,https://www.eaukcionai.lt/evs/pages/auction.do?id=336527&number=335343,Paskelbtas,Apartments,2026-09-08 17:50:08
335345,"Butas 3 kamb., 42,75 kv. m Vilniaus m. sav. Vilniaus m. Subačiaus g. 111-1",61431.0,2026-09-29 13:59,Vilniaus m. sav. Vilniaus m. Subačiaus g. 111-1,https://www.eaukcionai.lt/evs/pages/auction.do?id=336528&number=335345,Paskelbtas,Apartments,2026-09-08 17:50:08
335347,"Butas 3 kamb., 130,39 kv. m Vilniaus m. sav. Vilniaus m. Subačiaus g. 49-24",214434.0,2026-09-29 13:59,Vilniaus m. sav. Vilniaus m. Subačiaus g. 49-24,https://www.eaukcionai.lt/evs/pages/auction.do?id=336529&number=335347,Paskelbtas,Apartments,2026-09-08 17:50:08
335349,"Garažas (boksas), 22,38 kv. m Vilniaus m. sav. Vilniaus m. Tauro g. 10A-3",34000.0,2026-09-29 13:59,Vilniaus m. sav. Vilniaus m. Tauro g. 10A-3,https://www.eaukcionai.lt/evs/pages/auction.do?id=336530&number=335349,Paskelbtas,Apartments,2026-09-08 17:50:08
335351,"Garažas (boksas), 22,2 kv. m Vilniaus m. sav. Vilniaus m. Tauro g. 10A-4",33700.0,2026-09-29 13:59,Vilniaus m. sav. Vilniaus m. Tauro g. 10A-4,https://www.eaukcionai.lt/evs/pages/auction.do?id=336531&number=335351,Paskelbtas,Apartments,2026-09-08 17:50:08
335353,"Neįrengta pastogė 401/3750 dalis, 71,34 kv. m Vilniaus m. sav. Vilniaus m. Trakų g. 8-15A",2288.0,2026-09-29 13:59,Vilniaus m. sav. Vilniaus m. Trakų g. 8-15A,https://www.eaukcionai.lt/evs/pages/auction.do?id=336532&number=335353,Paskelbtas,Apartments,2026-09-08 17:50:08
335355,"Neįrengta pastogė 401/3750 dalis, 138,6 kv. m Vilniaus m. sav. Vilniaus m. Trakų g. 8-15B",4419.0,2026-09-29 13:59,Vilniaus m. sav. Vilniaus m. Trakų g. 8-15B,https://www.eaukcionai.lt/evs/pages/auction.do?id=336533&number=335355,Paskelbtas,Apartments,2026-09-08 17:50:08
335357,"Butas 2 kamb., 35,4 kv. m Vilniaus m. sav. Vilniaus m. Tremtinių g. 2-4",20792.0,2026-09-29 13:59,Vilniaus m. sav. Vilniaus m. Tremtinių g. 2-4,https://www.eaukcionai.lt/evs/pages/auction.do?id=336534&number=335357,Paskelbtas,Apartments,2026-09-08 17:50:08
335363,"Neįrengta pastogė 22/1000 dalis, 611,17 kv. m Vilniaus m. sav. Vilniaus m. V. Grybo g. 40",2622.0,2026-09-29 13:59,Vilniaus m. sav. Vilniaus m. V. Grybo g. 40,https://www.eaukcionai.lt/evs/pages/auction.do?id=336538&number=335363,Paskelbtas,Apartments,2026-09-08 17:50:08
335366,"Butas 2 kamb., 49,03 kv. m Vilniaus m. sav. Vilniaus m. Vinkšnų g. 10-3",31671.0,2026-09-29 13:59,Vilniaus m. sav. Vilniaus m. Vinkšnų g. 10-3,https://www.eaukcionai.lt/evs/pages/auction.do?id=336540&number=335366,Paskelbtas,Apartments,2026-09-08 17:50:08
337318,"Butas 1 kamb., 35,56 kv. m Vilniaus m. sav. Vilniaus m. Juodšilių g. 1A-14",55100.0,2026-09-29 13:59,Vilniaus m. sav. Vilniaus m. Juodšilių g. 1A-14,https://www.eaukcionai.lt/evs/pages/auction.do?id=337969&number=337318,Paskelbtas,Apartments,2026-09-08 17:50:09
336754,"Garažas (boksas), 29,14 kv. m Vilniaus m. sav. Vilniaus m. Bitininkų g. 6A-123",15840.0,2026-09-30 09:46,Vilniaus m. sav. Vilniaus m. Bitininkų g. 6A-123,https://www.eaukcionai.lt/evs/pages/auction.do?id=337498&number=336754,Vykstančios,Apartments,2026-09-08 17:50:09
337094,"Administracinės patalpos 12890/612642 dalis 0 kamb., 6126,42 kv. m Vilniaus m. sav. Vilniaus m. A. Juozapavičiaus g. 9-2",,2026-09-30 13:59,Vilniaus m. sav. Vilniaus m. A. Juozapavičiaus g. 9-2,https://www.eaukcionai.lt/evs/pages/auction.do?id=337735&number=337094,Paskelbtas,Apartments,2026-09-08 17:50:09
337097,"Administracinės patalpos 13931/612642 dalis 0 kamb., 6126,42 kv. m Vilniaus m. sav. Vilniaus m. A. Juozapavičiaus g. 9-2",,2026-09-30 13:59,Vilniaus m. sav. Vilniaus m. A. Juozapavičiaus g. 9-2,https://www.eaukcionai.lt/evs/pages/auction.do?id=337737&number=337097,Paskelbtas,Apartments,2026-09-08 17:50:09
335700,"Butas 1/4 dalis 2 kamb., 64,93 kv. m Molėtų r. sav. Molėtų m. Tiesos g. 4A-2",18100.0,2026-10-06 13:59,Molėtų r. sav. Molėtų m. Tiesos g. 4A-2,https://www.eaukcionai.lt/evs/pages/auction.do?id=336714&number=335700,Paskelbtas,Apartments,2026-09-08 17:50:09
335978,"Neįrengta pastogė 1072/10000 dalis, 920,43 kv. m Vilniaus m. sav. Vilniaus m. J. Basanavičiaus g. 30",51832.0,2026-10-06 13:59,Vilniaus m. sav. Vilniaus m. J. Basanavičiaus g. 30,https://www.eaukcionai.lt/evs/pages/auction.do?id=336875&number=335978,Paskelbtas,Apartments,2026-09-08 17:50:09
337132,"Butas 2 kamb., 48,91 kv. m Vilniaus m. sav. Vilniaus m. Popieriaus g. 6-6",76800.0,2026-10-07 10:24,Vilniaus m. sav. Vilniaus m. Popieriaus g. 6-6,https://www.eaukcionai.lt/evs/pages/auction.do?id=337837&number=337132,Vykstančios,Apartments,2026-09-08 17:50:09
337137,"Kūrybinės dirbtuvės, 78,59 kv. m Vilniaus m. sav. Vilniaus m. J. Basanavičiaus g. 33-7",290780.0,2026-10-07 10:54,Vilniaus m. sav. Vilniaus m. J. Basanavičiaus g. 33-7,https://www.eaukcionai.lt/evs/pages/auction.do?id=337842&number=337137,Vykstančios,Apartments,2026-09-08 17:50:09
337288,"Boilerinė, 105,74 kv. m Vilniaus m. sav. Vilniaus m. Zanavykų g. 1",24786.0,2026-10-14 13:59,Vilniaus m. sav. Vilniaus m. Zanavykų g. 1,https://www.eaukcionai.lt/evs/pages/auction.do?id=337961&number=337288,Paskelbtas,Apartments,2026-09-08 17:50:10
337293,"Boilerinė, 93,68 kv. m Vilniaus m. sav. Vilniaus m. Dzūkų g. 6A",23004.0,2026-10-14 13:59,Vilniaus m. sav. Vilniaus m. Dzūkų g. 6A,https://www.eaukcionai.lt/evs/pages/auction.do?id=337962&number=337293,Paskelbtas,Apartments,2026-09-08 17:50:10
337048,"Neįrengta pastogė 1067/36797 dalis, 367,97 kv. m Vilniaus m. sav. Vilniaus m. Pylimo g. 11-16A",2942.0,2026-10-20 13:59,Vilniaus m. sav. Vilniaus m. Pylimo g. 11-16A,https://www.eaukcionai.lt/evs/pages/auction.do?id=337642&number=337048,Paskelbtas,Apartments,2026-09-08 17:50:10
334608,"Administracinės patalpos, 576,85 kv. m Vilniaus m. sav. Vilniaus m. Ulonų g. 5",862000.0,2026-10-22 13:59,Vilniaus m. sav. Vilniaus m. Ulonų g. 5,https://www.eaukcionai.lt/evs/pages/auction.do?id=335984&number=334608,Paskelbtas,Apartments,2026-09-08 17:50:10
335689,Lietaus nuotekų tinklai Vilniaus m. sav. Vilniaus m. Viršuliškių g.,22540.0,2026-09-11 09:00,Vilniaus m. sav. Vilniaus m. Viršuliškių g.,https://www.eaukcionai.lt/evs/pages/auction.do?id=336709&number=335689,Vykstančios,Other real estate objects,2026-09-08 17:50:11
